,0,1,2,3,4,5,6,7,8,9,10,11,12,13,14,15
0,Как в играх 90 | Группа: Наöstalgic игры. Описание группы: Игры девятдесятых годов.,а викторина будет? | Группа: Группа: [Вопросы об учебном процессе]. Описание группы: Вопросы о викторинах.,хорошо*; 2024-03-05T15:42:31.378Z | Группа: Группа: Положительный неформальные сообщения. Описание группы: Сообщения с положительным эмоциональным окрасом.,"все; 2024-03-03T09:09:18.828Z | Группа: Неформальные нейтральные сообщения. Описание группы: Ветхий древо в Интернете. Группа: Пожелания. Описание группы: Волания за удачу и благополучие. Группа: Вопросы о мероприятии, Группа: Обучение и опыт, Группа: Приветстви",у меня вроде работает но как то неправильно | Группа: Технические вопросы. Описание группы: Вопросы и проблемы с ПО.,Я код пишу; 2024-03-03T09:27:11.389Z | Группа: [Обсуждение кода]. Описание группы: Обсуждение программирования и кодинга.,"так обби я досихпор обновляю.. | Группа: [Промежуток времени | Obsolete update]. Небольшие изменения, обновление.",Даааааааааа? | Gруппа: Невялость. Описание группы: Эмоциональное нестрогое сообщение.,"2; 2024-03-17T10:02:29.522Z | Текст ""Привет, профессора! Моя цель - стать как виртуоз, как вы."" - Группа: [Приветствия. Описание группы: Приветствия и пожеланияsuccess.] Текст ""Какой дизайн портала лучшей для обучения? Это соответствует вашим требованиям?"" - Группа:",нету рикрола | Группа: Неформальные нейтральные сообщения. Описание группы: Бессемантичные сообщения.,"8960 | - Группа: Технические вопросы. Описание группы: Вопросы о платформе, ПО.",будем во время урока в такой ж комнате сидеть; 2024-03-07T16:21:25.150Z | Группа: [Обучение и опыт]. Описание группы: Учебная обстановка.,приветАлина! | Группа: [Приветствия. Описание группы: Приветственные сообщения.],мне тоже страшно | Группа: Неформальные нейтральные сообщения. Описание группы: Неформальные сенсибильные сообщения.,всего 11 минут | Группа: [Время]. Описание группы: Обсуждение продолжительности мероприятия.,а юнити это С# | Группа: [Технические вопросы. Описание группы: Вопросы о платформе и языке программирования.]
1,"у меня тоже 4 года назад были такие соседи | Группа: ""Группа: Памятные моменты. Описание группы: Райание по памятным моментам.""",на сам продукт? | Группа: [Запросы о группах и обучении. Описание групы: Запросы информации о курсах.],я пеххрсах | Группа: Группа: [Неформальные нейтральные сообщения]. Описание группы: Сообщения с нейтральным эмоциональным окрасом.,"2 никакой | Группа: Флуд. Описание группы: Неосмысленные сообщения.Текст: Сообщение с приветствием и вопросом. Здравствуйте, а как вас зовут? Ответ: Группа: Приветствия. Описание группы: Комментарии с приветствием.Текст: Возникла проблема с","а это же обязательно? ну вот эти фигуры | 1. Группа: ""Технические вопросы. Описание группы: Вопросы о функциях.""",у меня там некоторые ошибки в коде | Группа: Обсуждение кода. Описание группы: Обсуждение программирования и кодинга.,там будет что то по типу аквариума и ты должен будешь проплыть по уразаннойц дорожке; 2024-03-17T08:38:32.882Z | Группа: Группа: [Неформальные нейтральные сообщения | science fiction]. Описание группы: Разговор о научной фантастике.,Лиза | Группа: [Имя]. Описание группы: Личные имена.,"максим | Группа: Неформальные нейтральные сообщения. Описание группы: Неформальные комментарии без эмоционального окраса.Текст: Здравствой, Максим! Наш онлайн курс интересен и интерактивен. Ответ: Группа: Приветствия. Описание группы: Приветствия и пожелания успеха.",Миша и Арсений | Группа: Неформальные нейтральные сообщения. Описание группы: Беседа двух лиц.,какие программы можно использовать для создаия звука | Группа: Технические вопросы. Описание группы: Вопросы о платформе и инструментах.,ф вроде выполнил свое персональное дз | Группа: [Обучение и опыт]. Описание группы: Учебное дело.,Привет! | Группа: Группа: [Приветствия]. Описание группы: Сообщения с приветствием.,"вот это я молодец конечно | Группа: Положительный неформальные сообщения. Описание группы: Смех, различные положительные сообщения.",я 8 | Группа: Группа: [Числительные]. Описание группы: Является частью чисел.,"3 космо-база,рпг,хоррор | Группа: Космические игры. Описание группы: Игры в космической тематике."
2,хотела на главный экран сделать) | Группа: [Графика и дизайн. Описание группы: Разработка графического дизайна.],нет; 2024-03-24T09:31:44.522Z | Новой группы нет. Текст относится к Группе: Запросы о группах и обучении. Описание группы: Запросы о количестве студентов и информации об обучении.,"но я буду спать в вс до часа дня | Группа: Неформальные нейтральные сообщения. Описание группы: Разговорные, неформальные бесквытки.",первым | Группа: Неформальные нейтральные сообщения. Описание группы: Бескриточный разговор participants.Текст: Этот онлайн урок прошел отлично. Всем пожелаем успехов в изучении данного предмета. Ответ: Группа: Мнения о мероприятии. Описаниеgroup: Комментарии о су,1 3 4 | Группа: Группа: Вопросы. Описание группы: Различные тематические вопросы.,нам сейчас вот первый код убрать? | Группа: [Обсуждение кода. Описание группы: Обсуждение программирования и кодинга.],"ААААААААААААААА
НА 15  ЭТАЖЕ СОБАКА ПО ВСЕЙ КОМНАТЕ МИСКУ ГОНЯЕТ
АААААААААААААА
БЕСИТ | Группа: Группа: Флуд. Описание группы: Спам неосмыSLенных сообщений.","Я сделал, трюк, с камнем времени который вырубает всё! | Ґруппа: Группа: Обсудждення кода. Описання групи: Обробка коду.","я пропустил | Группа: Неформальные нейтральные сообщения. Описание группы: Безырвовные комментарии.Текст: Я превосходный лингвист. Я разбираю текст, содержащий комментарии на онлайн уроке. Ответ: Группа: Обсуждение кода. Описание группы: Разборы программного кода.",у меня просто браузер шалит | Группа: Неформальные нейтральные сообщения. Описание группы: Бесплодные объяснительные смехи.,у меня там пол ссылок на сайты заблочены) | Группа: Группа: Технические вопросы. Описание группы: Вопросы о плотформе и блокировка сайтов.,я расскажу как я делал | Группа: [Обучение и опыт]. Описание группы: Комментарий о процессе обучения и работе.,"До свидание; 2024-03-17T11:41:09.065Z | Группа: [Прощания. Описание группа: Пока, до свидания.]","азазхаха | Группа: Неформальные нейтральные сообщения. Описание группы: Безыntilia, нейтральные сообщения.","ты где; 2024-03-09T13:50:36.857Z | Группа: ""Группа: Вопросы о месте собрания. Описание группы: Спрашивание об месте объединения.""","я делаю | Нет определенной группы. Новая группа: 1. Группа: ""Автоматизация"". Описание группы: Задачи автоматизации."
3,"По фану | Группа: [""Фаны""]. Фанфик, любимые фильмы, музыка, книги и тд.","до следующего урока надо всё доделать?? | Группа: [Запросы о группах и обучении]. Описание группы: Запросы о продолжительности обучения, о количестве уроков.",идеально | Группа: Положительное неформальное сообщение. Описание группы: Сообщения с положительным неформальным окрасом.,"няяяяяяяяяяяяяяяяяяяяяяяяяяяяяяяяяяяяяяяяяяяяяяяяяяяяяяяя | Группа: Неформальные нейтральные сообщения. Описание группы: Различные нейтральные сообщения.Текст: Привет, можете сказать, как обработать file.txt в Python? Ответ: Группа: Технические вопросы. Описание группы: Вопросы о платформе и программировании.",а можно у чата гопоты спросить? | Группа: Группа: [Запросы]. Описание группы: Запросы различных тем.,Сверху | Группа: Обсуждение визуального дизайна. Описание группы: Обсуждение визуальных элементов в проектах.,"а тогда вероника | Группа: Группа: Неформальные нейтральные сообщения. Описание группы: Бессодержительные, но нетоксичные комментарии.","Всем спасибо | Группа: ""Благодарение"". Описание группы: Благодарственные сообщения.","ушел | 13. Группа: ""Покаи"". Описание группы: Слова ""пока"" и ""ушел"" соответствуют группе ""Токсичные сообщения"" и ""Прощания"" соответственно. Однако, в данном контексте можно считать, что речь идет о ""Прощаниях"", потому что в русском языке ""ушел""",у меня 29 лол щтоо | Группа: Неформальные нейтральные сообщения. Описание группы: Эмоциональные сообщения без явной полярности.,дс удобно | Группа: Технические вопросы. Описание группы: Вопросы и проблемы с платформой и ПО.,Мы делаем структуру и прототип? | Группа: [Обучение и опыт]. Описание группы: Учебный процесс и дизайн.,"до свидания; 2024-03-16T13:58:14.283Z | Группа: ""Прощания"". Описание группа: ""Комментарии о различных видах прощений"".",Второе - Учись и позновай$ | Группа: Неформальные нейтральные сообщения. Описание группы: Сообщения без конкретной семантики.,так быстро время летит | Group: Позитивное отражение времени. Описание группы: Разговор о прохождении времени.,я с Лизой?? | Группа: Группа: Беседы личных. Описание группы: Личные беседы и общение.
4,"Эмиль ответь в тг; 2024-03-03T09:21:39.423Z | Группа: [""Группа: Запросы по телеграмми"". Различные тематические запросы к телеграм-каналам.].","а я забыл с чего начинать делать каталог? | Группа: Запросы о группах и обучении. Описание группы: Вопросы о колледже, группах и курсах.","Андрей, давай меняться, ахахаххахаха | Группа: ""Неформальные нейтральные сообщения"". Описание группы: ""Смех и положительный эмоциональный окрас.""","сейчас перезайду((; 2024-03-27T15:28:06.203Z | Группа: Неформальные нейтральные сообщения. Описание группы: личный стиль комментирования.Текст: Что мне сказать, учителю, об особенностях Вашей профессии? Ответ: Группа: Запросы о профессии. Описание группы: вопросы о профессии.Текст: Я ведет секцию «Ин",у меня инет отпал | Группа: Технические вопросы. Описание группы: вопросы и проблемы с интернет-соединением.,много сегодня людей | Группа: Обсуждение группы. Описание группы: Обсуждение численности участников.,Так бы выиграл | Группа: Игровой элемент. Описание группы: Игровой контент и его обсуждение.,о нас Я | Группа: Саморефеrence. Описание группы: Самообразная речь.,"не-а | Нет определенной группы.Текст: В этом заднем углу интернета обнаружил несколько интересных реципетов. Как мне сказать? Ответ: Группа: Обсуждение тематик, неформальные нейтральные сообщения. Описание группы: разнообразные дискуссионные темы.",спасибо; 2024-03-09T13:21:48.275Z | Группа: [Неформальные нейтральные сообщения]. Описание группы: Слово «спасибо».,на командный? | Группа: Группа: Технические вопросы. Описание группы: Вопросы о платформе и ПО.,"я просто пишу итоговый проект по созданию сайта на эту тему | Группа: Группа: [Итоговое проект | Обучение и опыт]. Описание группы: Учебное проект, сообщения о его реализации.",пожалуйста; 2024-03-05T16:25:25.370Z | Группа: [Приветствия. Описание группы: Пожелания и приветствия.],там было что-то | Группа: Неформальные нейтральные сообщения. Описание группы: Разнообразные нейтральные сообщения.,щас родители придут | Группа: Группа: [Родительское сообщение]. Описание группы: Родительское сообщение.,"как создать диалог у npc; 2024-03-31T08:21:18.100Z | Группа: ""Обучение и игры"". Описание группы: ""Пользовательские вопросы и обсуждения различных игр и игровых системах, включая NPC."""
5,"а можно сюда отправить | Группа: ""Указания о просуществовании сообщения"". Описание группы: ""Публикация технических рекомендаций по порядку сообщения"".",я отойду в место где инет есть | Группа: [Запросы о группах и обучении]. Описание группы: запросы о местоположении группы.,шикарно | Группа: Положительный неформальные сообщения. Описание группы: Не формальные сообщения с положительным окрасом.,"ник в нем | 1. Группа: Флуд. Описание группы: Ненецентрированные сообщения.Текст: Этот онлайн урок по Java не менее интересный, чем личность преподавателя. Ответ: 5. Группа: Обучение и опыт. Описание группы: Обсуждение уроков и опыта.Тек",у меня микро заблокан | Gруппа: Технические вопросы. Описание группы: Выражения технических проблем.,логично было бы | Группа: Группа: Обсуждение кода. Описание группы: Разборы кода и программирования.,Я РАНЬШЕ ИГРАЛА | Группа: Игры. Описание группы: Игровые сообщения и разнообразные темы.,ну для рф крч | Группа: Флуд. Описание группы: Неосмысленные сообщения.,"Там застолье | Группа: ""Неформальные нейтральные сообщения."" Описание группы: Здесь обсуждаются разнообразные темы, не имеющие жесткой семантики.Текст: Каждый студент должен начать обучаться по своей специализации в течение первой недели. Ответ: Группа: ""запросы о группах и обу",не знаю что еще | Группа: Неопределенные сообщения. Описание группы: Неизвестная тема.,"получается? | Группа: Технические вопросы. Описание группы: Вопросы о платформе, ПО.","оно поможет с работой | Группа: ""Обучение и опыт."" Описание группы: ""Работа и обучение.""","о окончание курсаа | Группа: [""Прощания"". Описание группы: ""Завершение обучения or Farewell""]",там легко | Группа: Неформальные нейтральные сообщения. Описание группы: Неформальные сообщения с нейтральным окрасом.,спасибо; 2024-03-05T15:19:04.645Z | Группа: Группа: Благодарность. Описание группы: Выражения благодарности.,"сдлои кадры? | Группа: Группа: [Технические вопросы. Описание группы: Запросы о штатах, кадрах и т.д.]"
6,да; 2024-03-24T09:26:47.368Z | Группа: Нет определенной семантики. (Исходный текст состоит из метки времени и даты.),"на какое комбо будет личная скидка для нас? | Группа: ""Запросы о группах и обучении. Описание группы: Спросы о дополнительных скидках.""","мой комарик | Группа: Неформальные нейтральные сообщения. Описание группы: Разговорная речь, смех, нейтральные комментарии.","ь | N/A (Empty text)Текст: ""Здрасьте! У меня voпрос об обучении. какую групу рекомендуете для изучения Java?"" Ответ: Группа: [Запросы о группах и обучении]. Описание группы: Вопросы о различных образовательных програмах.Текст: ""При",дваиточие и английская буква п | Группа: Технические вопросы. Описание группы: вопросы о платформе.,Я в коде разбирался подробнее | Группа: [Обсуждение кода. Описание группы: Разборы кода и программирования.],сейчас посмотрю | Группа: Группа: [Неформальные нейтральные сообщения]. Описание группы: Обсуждение и мелочи.,Защита | Группа: Пробlem solving and troubleshooting. Описание группы: Решение проблем и диагностика.,"2 слова | 1. Группа: Неформальные нейтральные сообщения. Описание группы: Объяснения без эмоционального окраса.Текст: Я превосходный лингвист. Я разбираю текст, содержащий комментарии на онлайн уроке. Ответ: 6. Группа: Обучение и опыт. Описание группы","без шуток | Группа: Неформальные нейтральные сообщения. Описание группы: Без шуток, положительные сообщения.",имба проект | Группа: Технические вопросы. Описание группы: ДисCUssion на темы платформы и ПО.,несколько лет назад | Группа: [Обучение и опыт]. Описание группы: Обсуждение годишек и опыта.,"вы были очень добры и всегда помогали нам!; 2024-03-31T11:45:25.487Z | Группа: ""Группа: Поздравительные сообщения. Описание группы: Желания и благодарность.""",и тут перекати поле х2 | Группа: Группа: Неформальные нейтральные сообщения. Описание группы: Жалобы и прочие неформальные сообщения.,это в илюстраторе | Группа: [Иллюстратор. Описание группы: Работа с векторной графикой.],розогрыш ака выберите кажды число от 1 до 10 | Группа: Группа: [Различные тематические задания]. Описание группы: Задания и вопросы.
7,продажа одежды | Группа: [Торговля и бизнес]. Описание группы: продажа и покупка товаров.,информация и стоймостиь | Группа: [Запросы о группах и обучении. Описание группы: вопросы о стоимости и группах.],Вика нееееееееееееееееееееееееееееееееееееееееееееееееееееееееееееееееееееееееееееееееееееееееееееееееееееееееееееееееееееееееееееееееееееееееееееееееееееееееееееееееееееееееееееееееееееееееееееееееееееееееееееееееееееееееееееееееееееееееееееееееееееееееееееееееееееееееееееееееееееееееееееееееееееееееееееееееееееееееееееееееееееееееееееееееееееееееееееееееееееееееееееееееееееееееееееееееееееееееееееееееееееееееееееееееееееееееееееееееееееееееееееееееееееееееееееееееееееееееееееееееееееееееееееееееееееееееееееееееееееееееееееееееееееееееееееееееееееееееееееееееееееееееееееееееееееееееееееееееееееееееееееееееееееееееееееееееееееееееееееееееееееееееееееееееееееееееееееееееееееееееееееееееееееееееееееееееееееееееееееееееееееееееееееееееееееееееееееееееееееееееееееееееееееееееееееееееееееееееееееееееееееееееееееееееееееееееееееееееееееееееееееееееееееееееееееееееееееееееееееееееееееееееееееееееееееееееееееееееееееееееееееееееееееееееееееееееееееееееееееееееееееееееееееееееееееееееееееееееееееееееееееееееееееееееееееееееееееееееееееееееееееееееееееееееееееееееееееееееееееееееееееееееееееееееееееееееееееееееееееееееееееееееееееееееееееееееееееееееееееееееееееееееееееееееееееееееееееееееееееееееееееееееееееееееееееееееееееееееееееееееееееееееееееееееееееееееееееееееееееееееееееееееееееееееееееееееееееееееееееееееееееееееееееееееееееееееееееееееееееееееееееееееееееееееееееееееееееееееееееееееееееееееееееееееееееееееееееееееееееееееееет | Группа: Неформальные нейтральные сообщения. Описание группы: Содержат неформальные и положительные эмоциональные окрасы.,а я чо | Группа: Неформальные нейтральные сообщения. Описание группы: Неформальные заметки.Текст: Куда больше таких примеров? Ответ: Группа: Вопросы. Описание группы: Различные тематические вопросы.Текст: Есть ли здесь группа по русскому языку? Ответ: Г,Максим как Мавроди заскамил на админку | Группа: Технические воntechical issues. Описание группы: Решение технических проблем.,Женя вставь код в проект пожалуйста. Который я скинул | Группа: Обсуждение кода. Описание группы: Семантика кода и обсуждение.,какой матвей? | Группа: Группа: Токсичные сообщения. Описание группы: Матные комментарии.,УТАЩЮ ВСЕХ В ЛЕС!!! | Группа: Флуд. Описание группы: Спам неосмотрительных сообщений.,"нет, нету | Нет сообщения для классификации.Текст: ""Привет всем, уважаемые преподаватели и ученики, сегодня мы начнём разоблачать миф о том, что Python ускорениям не годится.""Ответ: Группа: [Обсуждение темы]. Описание группы: Тематическое обсуждение.",а всё.. | Группа: Неформальные нейтральные сообщения. Описание группы: Беспредметные сообщения.,а то у меня кнопка следующий урок не нажимается | Группа: Технические вопросы. Описание группы: Вопросы о платформе и ПО.,у меня тоже проект не готов | Группа: [Обучение и опыт]. Описание группы: Новаязадача в процессе разработки.,я всегда за | Группа: [Позывные и подтверждения]. Описание группы: Подтверждения и согласие.,я тож( | Группа: Группа: Неформальные нейтральные сообщения. Описание группы: Бесформальные нейтральные сообщения.,где всее | Группа: Банальные запросы. Описание группы:просьбы об общих сведениях.,сегодня запуск ракеты | Группа: Группа: [Обновления и новости]. Описание группы: Обновления и изменения.
8,"У НИХ 2Д РАННЕР?! | Группа: Группа: ""Технические вопросы. Описание группы: Обсуждение платформы и ПО.""",у меня просьба такая | Группа: Вопросы о группах и обучении. Описание группы: Запросы информации об обучении и группах.,ты пропал если что у меня не слышал что ты говорил | Группа: Группа: Неформальные нейтральные сообщения. Описание группы: Элементы неформального контента с нейтральным эмоциональным окрашением.,"что делать | Группа: Группа: [Различные тематические вопросы]. Описание группы: Отдельные вопросы.Текст: Пожалуйста, скажите, можно ли здесь обучаться C++? Ответ: Группа: Группа: [Запросы о группах и обучении]. Описание группы: Просьба о справке",а это все таки веб-дизайн или маркетинг? | Группа: [Различные тематические вопросы]. Описание группы: Вопросы об Area of Expertise.,"Мы делаем друга бота | Группа: [""Группа: Обсуждение кода"". Описание группы: ""Разборе кода и программирования.""]",Как-будто в банке | Группа: Токсичные сообщения. Описание группы: Матные и оскорбительные комментарии.,Ещё3 | Группа: Числительные. Описание группы: Нумераты текста.,"Это изи | Нет определенной группы для этого текста.Текст: Классиcheская философия и технологии, это то, о чем я говорю. Ответ: Группа: [Обсуждение тем and тематика]. Описание группы: Обсуждение философии и технологий.","да, готов | Группа: Неформальные нейтральные сообщения. Описание группы: Сообщения без эмоциональной нагрузки.","нашел; 2024-03-24T08:44:31.774Z | Группа: Технические вопросы. Описание группы: Вопросы о платформе, проблемы с ПО.","мы сегодня диагностику писали, по биологии | Группа: Группа: [Запросы и обучение]. Описание группы: Различные темы обучения.",оброщение | Группа: [Приветствия.]: Пожелания здравия и приветствия. Описание группы: Обмен словами приветствиями.,"ну не зочу.. | Группа: Неформальные нейтральные сообщения. Описание группы: Безразличные, неформальные сообщения.","а если тут нету моего жанра :_) | Группа: Название группы ""Эмоциональные сообщения"". Описание группы: Заметки эмоционального характера.","но у тебя самое короткое видео на канале 42 минуты кирилл | Группа: [Обсуждение контента и материалов]. Описание группы: Обсуждение различных материалов и контента, включая короткое видео и длину видео."
9,"Не бойтесь трудностей, пусть трудности тебя бояться | Группа: ""Отважные методы обучения"". Описание группы: ""Одобрение, поддержка, мужество в обучении"".",а что было на прошлом уроке | Группа: [Запросы о группах и обучении. Описание группы: Запросы об обучении и прошлых уроках.],а обняться; 2024-03-23T14:24:55.090Z | Группа: Неформальные нейтральные сообщения. Описание группы: Сообщения с неформальным положительным эмоциональным окрасием.,"ну я могу | Группа: Неформальные нейтральные сообщения. Описание группы: БезEmitter здесь.Текст: Пожалуйста, можете помочь мне с вопросом? Ответ: Группа: Вопросы. Описание группы: Помощь с тематическими вопросами.Текст: У меня есть вопрос по группе",скиньте код это новая винда ничего нет | Гroupa: Технические вопросы. Описание группы: Испытательная платформа для решения технических вопросов.,Презентация фирменого ститиля | Группа: Обсуждение содержания. Описание группы: Разработка и обсуждение содержания презентаций.,до карты города | Группа: Навигация. Описание группы: Местоположение и навигация.,боже кто удаляет | 12. Группа: Токсичные сообщения. Описание группы: Матные комментарии.,"я потом отправлю | Группа: НаLIEDeley. Описание группы: Отсылка к будущему действию. (Эпизиodio, задания, отправка)(Примечание: В английском языке слова ""episode"" и ""task"" могут соответствовать соответственно ""эпизоду"" и ""заданиям"" в русском, но в данном случае рекомендуется использовать термин """,ок; 2024-03-24T11:08:53.394Z | Группа: Группа: Неформальные нейтральные сообщения. Описание группы: Без эмоционального окраса.,киньте ссылку на сайт | Группа: Технические вопросы. Описание группы: Вопросы о платформе и ПО.,джава | Группа: Группа: [Обучение и опыт]. Описание группы: Java программирование.,"а, я тоже отойду; 2024-03-21T15:59:31.042Z | Группа: Группа: [Прощания]. Описание группы: Отзывы и прощанья.",Красиво | Группа: Неформальные нейтральные сообщения. Описание группы: Эмоционально нейтральные сообщения.,для продвежения продажи | Группа: Маркетинг и продажи. Описание группы: Разговор о продажах и маркетинге.,ну просто я когда пытался сделать что то другое то у меня сцена чистилась | Группа: [Ошибки и исправления]. Описание группы: Ошибки при попытке выполнения задания.
